sample_name,VAF,Start,Ref,Alt
plate1_10A5_BC-plate-_B_23_S23_L001,0.01,25457242,C,T
plate1_10A5_BC-plate-_B_24_S24_L001,0.02,25457242,C,T
plate1_10B4_BC-plate-_B_31_S31_L001,0.72,25457242,C,T
plate1_10B4_BC-plate-_B_32_S32_L001,0.71,25457242,C,T
plate1_10B6_BC-plate-_B_39_S39_L001,0.33,25457242,C,T
plate1_10B6_BC-plate-_B_40_S40_L001,0.32,25457242,C,T
plate1_10C4_BC-plate-_B_48_S48_L001,0.02,25457242,C,T
plate1_10C6_BC-plate-_B_55_S55_L001,0.66,25457242,C,T
plate1_10C6_BC-plate-_B_56_S56_L001,0.72,25457242,C,T
plate1_10D7_BC-plate-_B_63_S63_L001,0.58,25457242,C,T
plate1_10D7_BC-plate-_B_64_S64_L001,0.58,25457242,C,T
plate1_10F8_BC-plate-_B_71_S71_L001,0.01,25457242,C,T
plate1_10F8_BC-plate-_B_72_S72_L001,0.01,25457242,C,T
plate1_10G7_BC-plate-_B_87_S87_L001,0.47,25457242,C,T
plate1_10G7_BC-plate-_B_88_S88_L001,0.31,25457242,C,T
plate1_1B3_BC-plate-_B_1_S1_L001,0.48,25457242,C,T
plate1_1B6_BC-plate-_B_9_S9_L001,0.44,25457242,C,T
plate1_1D5_BC-plate-_B_25_S25_L001,0.96,25457242,C,T
plate1_1E5_BC-plate-_B_33_S33_L001,0.51,25457242,C,T
plate1_1E6_BC-plate-_B_41_S41_L001,0.73,25457242,C,T
plate1_1F3_BC-plate-_B_49_S49_L001,0.49,25457242,C,T
plate1_1G3_BC-plate-_B_65_S65_L001,0.44,25457242,C,T
plate1_1H7_BC-plate-_B_73_S73_L001,0.27,25457242,C,T
plate1_2A1_BC-plate-_B_81_S81_L001,0.6,25457242,C,T
plate1_2A2_BC-plate-_B_89_S89_L001,0.15,25457242,C,T
plate1_2A4_BC-plate-_B_2_S2_L001,0.12,25457242,C,T
plate1_2B6_BC-plate-_B_10_S10_L001,0.68,25457242,C,T
plate1_2C1_BC-plate-_B_26_S26_L001,0.58,25457242,C,T
plate1_2D2_BC-plate-_B_34_S34_L001,0.23,25457242,C,T
plate1_2E1_BC-plate-_B_42_S42_L001,0.85,25457242,C,T
plate1_2F1_BC-plate-_B_50_S50_L001,0.56,25457242,C,T
plate1_2F6_BC-plate-_B_58_S58_L001,0.66,25457242,C,T
plate1_2H4_BC-plate-_B_66_S66_L001,0.01,25457242,C,T
plate1_3F2_BC-plate-_B_90_S90_L001,0.01,25457242,C,T
plate1_3F3_BC-plate-_B_3_S3_L001,0.64,25457242,C,T
plate1_3G8_BC-plate-_B_11_S11_L001,0.2,25457242,C,T
plate1_3H2_BC-plate-_B_19_S19_L001,0.27,25457242,C,T
plate1_3H3_BC-plate-_B_27_S27_L001,0.82,25457242,C,T
plate1_4B2_BC-plate-_B_35_S35_L001,0.01,25457242,C,T
plate1_4B3_BC-plate-_B_43_S43_L001,0.09,25457242,C,T
plate1_4C5_BC-plate-_B_59_S59_L001,0.41,25457242,C,T
plate1_4E1_BC-plate-_B_67_S67_L001,0.51,25457242,C,T
plate1_4F1_BC-plate-_B_75_S75_L001,0.04,25457242,C,T
plate1_4H4_BC-plate-_B_83_S83_L001,0.38,25457242,C,T
plate1_4H5_BC-plate-_B_91_S91_L001,0.88,25457242,C,T
plate1_5D5_BC-plate-_B_12_S12_L001,0.2,25457242,C,T
plate1_5E1_BC-plate-_B_20_S20_L001,0.34,25457242,C,T
plate1_5F1_BC-plate-_B_28_S28_L001,0.27,25457242,C,T
plate1_5H3_BC-plate-_B_36_S36_L001,0.64,25457242,C,T
plate1_5H9_BC-plate-_B_44_S44_L001,0.49,25457242,C,T
plate1_6B6_BC-plate-_B_52_S52_L001,0.95,25457242,C,T
plate1_6E7_BC-plate-_B_68_S68_L001,0.87,25457242,C,T
plate1_6H3_BC-plate-_B_84_S84_L001,0.62,25457242,C,T
plate1_7A4_BC-plate-_B_92_S92_L001,0.01,25457242,C,T
plate1_7D5_BC-plate-_B_13_S13_L001,0.4,25457242,C,T
plate1_7E4_BC-plate-_B_21_S21_L001,0.56,25457242,C,T
plate1_7F1_BC-plate-_B_29_S29_L001,0.41,25457242,C,T
plate1_7F5_BC-plate-_B_37_S37_L001,0.29,25457242,C,T
plate1_7G1_BC-plate-_B_45_S45_L001,0.35,25457242,C,T
plate1_7H5_BC-plate-_B_53_S53_L001,0.38,25457242,C,T
plate1_8C3_BC-plate-_B_69_S69_L001,0.43,25457242,C,T
plate1_8F1_BC-plate-_B_93_S93_L001,0.42,25457242,C,T
plate1_9A1_BC-plate-_B_14_S14_L001,0.01,25457242,C,T
plate1_9A6_BC-plate-_B_22_S22_L001,0.6,25457242,C,T
plate1_9B3_BC-plate-_B_30_S30_L001,0.01,25457242,C,T
plate1_9B5_BC-plate-_B_38_S38_L001,0.81,25457242,C,T
plate1_9B9_BC-plate-_B_46_S46_L001,0.3,25457242,C,T
plate1_9D5_BC-plate-_B_62_S62_L001,0.01,25457242,C,T
plate1_9E5_BC-plate-_B_70_S70_L001,0.07,25457242,C,T
plate1_9F1_BC-plate-_B_78_S78_L001,0.22,25457242,C,T
plate1_9F6_BC-plate-_B_86_S86_L001,0.95,25457242,C,T
plate1_9F7_BC-plate-_B_94_S94_L001,0.02,25457242,C,T
plate1_9F8_BC-plate-_B_8_S8_L001,0.02,25457242,C,T
plate1_9H3_BC-plate-_B_15_S15_L001,0.39,25457242,C,T
plate1_9H3_BC-plate-_B_16_S16_L001,0.43,25457242,C,T
plate1_PC_human_male_BC-plate-_B_95_S95_L001,0.01,25457242,C,T
plate2_1B12_BC-plate-_F_25_S121_L001,0.14,25457242,C,T
plate2_1B2_BC-plate-_F_9_S105_L001,0.83,25457242,C,T
plate2_1B5_BC-plate-_F_17_S113_L001,0.48,25457242,C,T
plate2_1C12_BC-plate-_F_33_S129_L001,0.01,25457242,C,T
plate2_1D2_BC-plate-_F_41_S137_L001,0.01,25457242,C,T
plate2_1E1_BC-plate-_F_49_S145_L001,0.01,25457242,C,T
plate2_1F1_BC-plate-_F_57_S153_L001,0.37,25457242,C,T
plate2_1H2_BC-plate-_F_65_S161_L001,0.01,25457242,C,T
plate2_2A3_BC-plate-_F_81_S177_L001,0.82,25457242,C,T
plate2_2A9_BC-plate-_F_89_S185_L001,0.85,25457242,C,T
plate2_2B1_BC-plate-_F_2_S98_L001,0.37,25457242,C,T
plate2_2B2_BC-plate-_F_10_S106_L001,0.56,25457242,C,T
plate2_2B3_BC-plate-_F_18_S114_L001,0.01,25457242,C,T
plate2_2E6_BC-plate-_F_26_S122_L001,0.64,25457242,C,T
plate2_2F3_BC-plate-_F_34_S130_L001,0.01,25457242,C,T
plate2_3C3_BC-plate-_F_42_S138_L001,0.59,25457242,C,T
plate2_3C4_BC-plate-_F_50_S146_L001,0.18,25457242,C,T
plate2_3D9_BC-plate-_F_58_S154_L001,0.41,25457242,C,T
plate2_3E1_BC-plate-_F_66_S162_L001,0.1,25457242,C,T
plate2_3E6_BC-plate-_F_82_S178_L001,0.32,25457242,C,T
plate2_3E9_BC-plate-_F_90_S186_L001,0.13,25457242,C,T
plate2_3F10_BC-plate-_F_3_S99_L001,0.01,25457242,C,T
plate2_3G11_BC-plate-_F_27_S123_L001,0.19,25457242,C,T
plate2_3G5_BC-plate-_F_11_S107_L001,0.01,25457242,C,T
plate2_3H4_BC-plate-_F_35_S131_L001,0.01,25457242,C,T
plate2_4C3_BC-plate-_F_43_S139_L001,0.87,25457242,C,T
plate2_4D1_BC-plate-_F_51_S147_L001,0.36,25457242,C,T
plate2_4D4_BC-plate-_F_59_S155_L001,0.55,25457242,C,T
plate2_4E6_BC-plate-_F_67_S163_L001,0.01,25457242,C,T
plate2_4G4_BC-plate-_F_83_S179_L001,0.31,25457242,C,T
plate2_4G6_BC-plate-_F_91_S187_L001,0.46,25457242,C,T
plate2_4G9_BC-plate-_F_4_S100_L001,0.42,25457242,C,T
plate2_5B10_BC-plate-_F_20_S116_L001,0.93,25457242,C,T
plate2_5B2_BC-plate-_F_12_S108_L001,0.86,25457242,C,T
plate2_5D10_BC-plate-_F_28_S124_L001,0.01,25457242,C,T
plate2_5E2_BC-plate-_F_36_S132_L001,0.01,25457242,C,T
plate2_5F6_BC-plate-_F_44_S140_L001,0.7,25457242,C,T
plate2_5H2_BC-plate-_F_52_S148_L001,0.49,25457242,C,T
plate2_5H4_BC-plate-_F_60_S156_L001,0.51,25457242,C,T
plate2_6A3_BC-plate-_F_68_S164_L001,0.01,25457242,C,T
plate2_6B8_BC-plate-_F_84_S180_L001,0.36,25457242,C,T
plate2_6C2_BC-plate-_F_92_S188_L001,0.01,25457242,C,T
plate2_6D11_BC-plate-_F_21_S117_L001,0.73,25457242,C,T
plate2_6D2_BC-plate-_F_5_S101_L001,0.01,25457242,C,T
plate2_6D8_BC-plate-_F_13_S109_L001,0.01,25457242,C,T
plate2_6E1_BC-plate-_F_29_S125_L001,0.58,25457242,C,T
plate2_6E6_BC-plate-_F_37_S133_L001,0.41,25457242,C,T
plate2_6F9_BC-plate-_F_45_S141_L001,0.15,25457242,C,T
plate2_6G1_BC-plate-_F_53_S149_L001,0.05,25457242,C,T
plate2_6H1_BC-plate-_F_61_S157_L001,0.01,25457242,C,T
plate2_6H2_BC-plate-_F_69_S165_L001,0.01,25457242,C,T
plate2_6H4_BC-plate-_F_77_S173_L001,0.01,25457242,C,T
plate2_7B1_BC-plate-_F_85_S181_L001,0.45,25457242,C,T
plate2_7B3_BC-plate-_F_93_S189_L001,0.3,25457242,C,T
plate2_7C3_BC-plate-_F_6_S102_L001,0.87,25457242,C,T
plate2_7C6_BC-plate-_F_14_S110_L001,0.01,25457242,C,T
plate2_7D2_BC-plate-_F_22_S118_L001,0.6,25457242,C,T
plate2_7E10_BC-plate-_F_62_S158_L001,0.46,25457242,C,T
plate2_7E1_BC-plate-_F_30_S126_L001,0.59,25457242,C,T
plate2_7E2_BC-plate-_F_38_S134_L001,0.85,25457242,C,T
plate2_7E5_BC-plate-_F_46_S142_L001,0.36,25457242,C,T
plate2_7E6_BC-plate-_F_54_S150_L001,0.48,25457242,C,T
plate2_7F4_BC-plate-_F_70_S166_L001,0.44,25457242,C,T
plate2_7F8_BC-plate-_F_78_S174_L001,0.18,25457242,C,T
plate2_7G2_BC-plate-_F_86_S182_L001,0.93,25457242,C,T
plate2_7G5_BC-plate-_F_94_S190_L001,0.58,25457242,C,T
plate2_7H1_BC-plate-_F_7_S103_L001,0.81,25457242,C,T
plate2_7H2_BC-plate-_F_15_S111_L001,0.07,25457242,C,T
plate2_8A5_BC-plate-_F_23_S119_L001,0.39,25457242,C,T
plate2_8B11_BC-plate-_F_39_S135_L001,0.01,25457242,C,T
plate2_8B3_BC-plate-_F_31_S127_L001,0.22,25457242,C,T
plate2_8C2_BC-plate-_F_47_S143_L001,0.39,25457242,C,T
plate2_8C6_BC-plate-_F_55_S151_L001,0.51,25457242,C,T
plate2_8D4_BC-plate-_F_63_S159_L001,0.64,25457242,C,T
plate2_8D6_BC-plate-_F_71_S167_L001,0.82,25457242,C,T
plate2_8E7_BC-plate-_F_79_S175_L001,0.83,25457242,C,T
plate2_8E9_BC-plate-_F_87_S183_L001,0.01,25457242,C,T
plate2_8G1_BC-plate-_F_95_S191_L001,0.75,25457242,C,T
plate2_8G2_BC-plate-_F_8_S104_L001,0.15,25457242,C,T
plate2_8G3_BC-plate-_F_16_S112_L001,0.26,25457242,C,T
plate2_9A10_BC-plate-_F_32_S128_L001,0.55,25457242,C,T
plate2_9B10_BC-plate-_F_48_S144_L001,0.78,25457242,C,T
plate2_9B12_BC-plate-_F_56_S152_L001,0.52,25457242,C,T
plate2_9B4_BC-plate-_F_40_S136_L001,0.95,25457242,C,T
plate2_9C10_BC-plate-_F_96_S192_L001,0.02,25457242,C,T
plate2_9C1_BC-plate-_F_64_S160_L001,0.02,25457242,C,T
plate2_9C4_BC-plate-_F_72_S168_L001,0.11,25457242,C,T
plate2_9C5_BC-plate-_F_80_S176_L001,0.63,25457242,C,T
plate2_9C6_BC-plate-_F_88_S184_L001,0.01,25457242,C,T
plate3_10A11_BC-plate-_I_86_S270_L001,0.55,25457242,C,T
plate3_10B12_BC-plate-_I_7_S199_L001,0.62,25457242,C,T
plate3_10B5_BC-plate-_I_94_S276_L001,0.44,25457242,C,T
plate3_10C8_BC-plate-_I_34_S224_L001,0.36,25457242,C,T
plate3_10F4_BC-plate-_I_15_S207_L001,0.56,25457242,C,T
plate3_10G9_BC-plate-_I_82_S266_L001,0.17,25457242,C,T
plate3_10H12_BC-plate-_I_2_S194_L001,0.47,25457242,C,T
plate3_1G5_BC-plate-_I_43_S232_L001,0.43,25457242,C,T
plate3_2G2_BC-plate-_I_75_S260_L001,0.26,25457242,C,T
plate3_3B6_BC-plate-_I_91_S273_L001,0.51,25457242,C,T
plate3_3E8_BC-plate-_I_36_S226_L001,0.36,25457242,C,T
plate3_4B8_BC-plate-_I_44_S233_L001,0.48,25457242,C,T
plate3_5A9_BC-plate-_I_76_S261_L001,0.62,25457242,C,T
plate3_6F12_BC-plate-_I_45_S234_L001,0.36,25457242,C,T
plate3_7F3_BC-plate-_I_61_S248_L001,0.39,25457242,C,T
plate3_8A3_BC-plate-_I_85_S269_L001,0.32,25457242,C,T
plate3_8D11_BC-plate-_I_93_S275_L001,0.5,25457242,C,T
plate3_9D4_BC-plate-_I_46_S235_L001,0.33,25457242,C,T
plate3_9F12_BC-plate-_I_62_S249_L001,0.27,25457242,C,T
plate3_9G8_BC-plate-_I_81_S265_L001,0.39,25457242,C,T
plate3_plate4_well_A1_HSC_BC-plate-_I_8_S200_L001,0.96,25457242,C,T
plate3_plate4_well_A2_HSC_BC-plate-_I_16_S208_L001,0.89,25457242,C,T
plate3_plate4_well_A3_GMP_BC-plate-_I_24_S215_L001,0.04,25457242,C,T
plate3_plate4_well_A4_GMP_BC-plate-_I_32_S222_L001,0.38,25457242,C,T
plate3_plate4_well_A5_MLP_BC-plate-_I_40_S229_L001,0.89,25457242,C,T
plate3_plate4_well_A6_MLP_BC-plate-_I_48_S236_L001,0.47,25457242,C,T
plate3_plate4_well_A7_CMP_MEP_BC-plate-_I_56_S243_L001,0.23,25457242,C,T
plate3_plate4_well_A8_CMP_MEP_BC-plate-_I_64_S250_L001,0.08,25457242,C,T
plate3_Schnider_1800_1199_BC-plate-_I_88_S271_L001,0.01,25457242,C,T
plate3_Schnider_1800_1378_BC-plate-_I_96_S277_L001,0.01,25457242,C,T